Task No,Task,Status,Progress,Start date,End date,Assignees,Remarks
1,Develop a REST API endpoint for user authentication,Completed,100,04-02-2025,18-10-2025,Assignee4,
2,Implement a responsive UI component using React,In Progress,0,18-02-2025,06-09-2025,Assignee3,
3,Write unit tests for backend services,Completed,100,14-04-2025,13-11-2025,Assignee4,
4,Optimize database queries for performance,Not Started,0,27-02-2025,05-11-2025,Assignee1,
5,Refactor legacy code to improve readability,Not Started,0,15-02-2025,19-06-2025,Assignee1,
6,Integrate a payment gateway API,Completed,100,28-05-2025,01-09-2025,Assignee3,
7,Create a CI/CD pipeline for automated deployment,In Progress,75,10-03-2025,14-06-2025,Assignee2,
8,Build a machine learning model for data classification,Completed,100,11-03-2025,13-07-2025,Assignee3,
9,Design a database schema for a new feature,Not Started,0,18-05-2025,22-10-2025,Assignee4,
10,Develop a real-time chat application,Completed,100,11-04-2025,14-11-2025,Assignee1,
11,Implement error handling middleware,Not Started,0,15-05-2025,06-06-2025,Assignee2,
12,Create a data visualization dashboard,In Progress,25,18-03-2025,05-08-2025,Assignee3,
13,Write a script to automate data migration,Completed,100,14-02-2025,09-06-2025,Assignee3,
14,Develop a microservice for email notifications,Completed,100,08-03-2025,03-10-2025,Assignee4,
15,Set up a GraphQL server for efficient data fetching,Not Started,0,25-05-2025,11-07-2025,Assignee2,
16,Develop a REST API endpoint for user authentication,In Progress,0,05-04-2025,13-07-2025,Assignee3,
17,Implement a responsive UI component using React,In Progress,0,20-05-2025,17-10-2025,Assignee2,
18,Write unit tests for backend services,In Progress,25,07-01-2025,13-07-2025,Assignee1,
19,Optimize database queries for performance,Not Started,0,26-04-2025,09-10-2025,Assignee3,
20,Refactor legacy code to improve readability,Not Started,0,14-05-2025,02-09-2025,Assignee1,
21,Integrate a payment gateway API,In Progress,75,15-03-2025,07-11-2025,Assignee3,
22,Create a CI/CD pipeline for automated deployment,Not Started,0,15-01-2025,18-10-2025,Assignee4,
23,Build a machine learning model for data classification,Not Started,0,27-01-2025,23-10-2025,Assignee1,
24,Design a database schema for a new feature,In Progress,50,14-03-2025,06-08-2025,Assignee2,
25,Develop a real-time chat application,Not Started,0,08-05-2025,10-11-2025,Assignee3,
26,Implement error handling middleware,In Progress,25,15-01-2025,01-11-2025,Assignee4,
27,Create a data visualization dashboard,In Progress,75,19-03-2025,03-08-2025,Assignee4,
28,Write a script to automate data migration,Completed,100,17-04-2025,31-08-2025,Assignee4,
29,Develop a microservice for email notifications,In Progress,100,09-05-2025,23-10-2025,Assignee4,
30,Set up a GraphQL server for efficient data fetching,In Progress,0,21-01-2025,21-09-2025,Assignee2,
31,Develop a REST API endpoint for user authentication,In Progress,50,08-04-2025,22-07-2025,Assignee3,
32,Implement a responsive UI component using React,Not Started,0,25-02-2025,05-09-2025,Assignee3,
33,Write unit tests for backend services,In Progress,100,09-02-2025,19-06-2025,Assignee4,
34,Optimize database queries for performance,Not Started,0,21-02-2025,08-11-2025,Assignee3,
35,Refactor legacy code to improve readability,Not Started,0,08-05-2025,27-07-2025,Assignee1,
36,Integrate a payment gateway API,In Progress,50,23-02-2025,28-08-2025,Assignee2,
37,Create a CI/CD pipeline for automateddeployment,Completed,100,06-05-2025,20-11-2025,Assignee1,
38,Build a machine learning model for data classification,Completed,100,20-04-2025,09-10-2025,Assignee1,
39,Design a database schema for a new feature,Not Started,0,11-01-2025,16-09-2025,Assignee4,
40,Develop a real-time chat application,Not Started,0,01-03-2025,29-08-2025,Assignee4,
41,Implement error handling middleware,Completed,100,30-05-2025,16-11-2025,Assignee1,
42,Create a data visualization dashboard,In Progress,75,18-02-2025,14-09-2025,Assignee1,
43,Write a script to automate data migration,Completed,100,26-01-2025,08-06-2025,Assignee3,
44,Develop a microservice for email notifications,Not Started,0,27-05-2025,03-07-2025,Assignee4,
45,Set up a GraphQL server for efficient data fetching,Completed,100,12-03-2025,07-06-2025,Assignee3,
46,Develop a REST API endpoint for user authentication,Completed,100,25-03-2025,08-06-2025,Assignee1,
47,Implement a responsive UI component using React,In Progress,50,13-05-2025,23-10-2025,Assignee2,
48,Write unit tests for backend services,Not Started,0,30-04-2025,07-11-2025,Assignee4,
49,Optimize database queries for performance,In Progress,50,31-05-2025,18-11-2025,Assignee2,
50,Refactor legacy code to improve readability,Completed,100,05-03-2025,08-09-2025,Assignee2,
51,Integrate a payment gateway API,Not Started,0,18-03-2025,06-10-2025,Assignee2,
52,Create a CI/CD pipeline for automated deployment,Completed,100,05-03-2025,05-06-2025,Assignee2,
53,Build a machine learning model for data classification,In Progress,25,23-05-2025,05-10-2025,Assignee1,
54,Design a database schema for a new feature,Not Started,0,20-01-2025,21-11-2025,Assignee3,
55,Develop a real-time chat application,Not Started,0,10-01-2025,15-09-2025,Assignee3,
56,Implement error handling middleware,Completed,100,09-02-2025,12-06-2025,Assignee1,
57,Create a data visualization dashboard,In Progress,0,13-05-2025,12-07-2025,Assignee4,
58,Write a script to automate data migration,Completed,100,24-05-2025,09-08-2025,Assignee4,
59,Develop a microservice for email notifications,Completed,100,08-01-2025,07-11-2025,Assignee1,
60,Set up a GraphQL server for efficient data fetching,Not Started,0,05-04-2025,28-11-2025,Assignee3,
61,Develop a REST API endpoint for user authentication,In Progress,100,01-05-2025,07-08-2025,Assignee3,
62,Implement a responsive UI component using React,Not Started,0,12-03-2025,03-10-2025,Assignee3,
63,Write unit tests for backend services,Not Started,0,09-05-2025,21-07-2025,Assignee3,
64,Optimize database queries for performance,Not Started,0,12-03-2025,12-07-2025,Assignee1,
65,Refactor legacy code to improve readability,In Progress,100,06-01-2025,08-11-2025,Assignee4,
66,Integrate a payment gateway API,Not Started,0,11-02-2025,30-08-2025,Assignee4,
67,Create a CI/CD pipeline for automated deployment,Completed,100,23-05-2025,25-07-2025,Assignee2,
68,Build a machine learning model for data classification,Not Started,0,14-01-2025,01-06-2025,Assignee3,
69,Design a database schema for a new feature,Completed,100,05-05-2025,23-10-2025,Assignee2,
70,Develop a real-time chat application,Completed,100,05-01-2025,29-07-2025,Assignee4,
71,Implement error handling middleware,Not Started,0,06-03-2025,24-06-2025,Assignee1,
72,Create a data visualization dashboard,Completed,100,08-02-2025,11-06-2025,Assignee1,
73,Write a script to automate data migration,In Progress,25,20-02-2025,13-08-2025,Assignee1,
74,Develop a microservice for email notifications,Not Started,0,26-03-2025,09-11-2025,Assignee2,
75,Set up a GraphQL server for efficient data fetching,In Progress,75,16-01-2025,20-08-2025,Assignee3,
76,Develop a REST API endpoint for user authentication,In Progress,75,11-03-2025,04-07-2025,Assignee1,
77,Implement a responsive UI component using React,Not Started,0,07-04-2025,25-08-2025,Assignee4,
78,Write unit tests for backend services,In Progress,50,01-04-2025,24-11-2025,Assignee1,
79,Optimize database queries for performance,Not Started,0,06-02-2025,02-06-2025,Assignee1,
80,Refactor legacy code to improve readability,Completed,100,17-01-2025,25-08-2025,Assignee3,
81,Integrate a payment gateway API,Completed,100,08-02-2025,21-10-2025,Assignee2,
82,Create a CI/CD pipeline for automated deployment,Not Started,0,20-04-2025,10-08-2025,Assignee3,
83,Build a machine learning model for data classification,Completed,100,13-04-2025,07-10-2025,Assignee4,
84,Design a database schema for a new feature,Not Started,0,25-03-2025,16-08-2025,Assignee3,
85,Develop a real-time chat application,Not Started,0,16-04-2025,09-08-2025,Assignee3,
86,Implement error handling middleware,In Progress,25,02-03-2025,05-08-2025,Assignee4,
87,Create a data visualization dashboard,Completed,100,07-02-2025,12-09-2025,Assignee4,
88,Write a script to automate data migration,Completed,100,01-02-2025,08-06-2025,Assignee3,
89,Develop a microservice for email notifications,Completed,100,20-04-2025,27-11-2025,Assignee1,
90,Set up a GraphQL server for efficient data fetching,Not Started,0,09-04-2025,01-08-2025,Assignee1,
91,Develop a REST API endpoint for user authentication,In Progress,0,12-01-2025,22-06-2025,Assignee2,
92,Implement a responsive UI component using React,Not Started,0,07-05-2025,16-10-2025,Assignee2,
93,Write unit tests for backend services,In Progress,100,18-04-2025,05-10-2025,Assignee2,
94,Optimize database queries for performance,Not Started,0,17-02-2025,15-08-2025,Assignee1,
95,Refactor legacy code to improve readability,In Progress,50,27-04-2025,25-09-2025,Assignee3,
96,Integrate a payment gateway API,Completed,100,18-03-2025,04-07-2025,Assignee4,
97,Create a CI/CD pipeline for automated deployment,In Progress,25,17-05-2025,30-10-2025,Assignee3,
98,Build a machine learning model for data classification,Not Started,0,31-03-2025,03-06-2025,Assignee4,
99,Design a database schema for a new feature,Not Started,0,10-03-2025,31-10-2025,Assignee2,
100,Develop a real-time chat application,Not Started,0,27-01-2025,24-11-2025,Assignee1,
